Nr punktu;Miejscowość;Data poboru;Objętość wody, litry ;Osady denne, gsm;Masa do pomiaru Cs-137, g;Gęstość gcm-3; Cs-137 w osadach dennych, Bqkg-1 ; Całkowita Względna Niepewność Bq/kg ; Pu-239+240 mBq kg-1 ; Całkowita Względna Niepewnośc mBq/kg  ;Pu-238 mBq kg-1; Całkowita Względna Niepewność mBq/kg  ; Pu-238/Pu-239+240 ;Cs-137 w wodzie, mBq/l;Całkowita Względna Niepewność mBq/l;Sr-90 w wodzie, mBq/l;Całkowita Względna Niepewność mBq/l;Sr-90/Cs-137
2;Annopol;08.06.2005;20;1720;546,42;1,21;1,35;0,18;33,5;7,83;4,02;1,48;0,12;1,48;0,26;3,87;0,32;2,61
3;Warszawa;26.04.2005;20;;718,43;1,6;1,38;0,14;10;2,54;2,26;1,08;0,226;2,18;0,33;4,66;0,46;2,14
4;Płock;24.05.2005;20;2330;717,41;1,59;0,43;0,1;3,65;1,41;< 2;-;-;1,92;0,35;4,54;0,61;2,36
5;Kiezmark;24.05.2005;20;2000;736,03;1,64;1,14;0,11;11;2,35;< 2;-;-;1,81;0,29;4,88;0,48;2,7
6;Pułtusk;20.04.2005;20;1100;523,8;1,16;11;0,91;19;3,38;4,02;1,71;0,211;2,35;0,35;4,82;0,46;2,05
7;Wyszków ;20.04.2005;20;1555;609,45;1,35;2,43;0,23;8,46;2,22;< 2;-;-;1,83;0,3;4,78;0,44;2,61
8;Chałupki ;01.06.2005;20;1820;592,8;1,32;3,54;0,32;24,6;4,38;< 2;-;-;4,63;0,54;4,61;0,37;1
9;Wrocław;02.06.2005;20;1600;631,32;1,4;7,27;0,6;65;7,97;< 2;-;-;3,67;0,46;5,15;0,39;1,4
10;Głogów ;02.06.2005;20;1150;407,41;0,91;33,8;2,83;19,6;4,88;< 2;-;-;3,07;0,4;4,43;0,37;1,44
11;Krajnik;23.06.2005;20;1120;619,37;1,38;2,58;0,25;38;8,09;< 2;-;-;1,54;0,28;2,89;0,26;1,88
12;Poznań;02.06.2005;20;1005;366,57;0,81;8,51;0,79;38,7;4,11;< 2;-;-;3,15;0,32;4,23;0,4;1,34
13;Wigry;25.05.2005;20;1600;618,54;1,37;8,08;0,67;17,6;4,35;< 2;-;-;1,83;0,31;2,02;0,33;1,1
14;Wadąg;25.05.2005;20;1900;708,8;1,58;14,9;1,2;25,2;3,69;< 2;-;-;2,42;0,3;3,24;0,39;1,34
15;Wielkie Partęczyny;24.05.2005;20;2350;740,84;1,65;8,95;0,72;11,7;1,96;< 2;-;-;3,48;0,39;3,35;0,54;0,96
16;Drawsko;23.06.2005;20;1500;713,39;1,59;4,46;0,38;20,9;9,61;< 2;-;-;1,35;0,25;3,16;0,27;2,34
17;Niesłysz;02.06.2005;20;1830;578,9;1,29;14;1,14;60,9;17,4;< 2;-;-;3,69;0,53;3,54;0,28;0,96
18;Rogóźno;08.06.2005;20;1470;729,7;1,62;9,62;0,78;15;4,14;< 2;-;-;10,3;0,78;11,2;;
1;Kraków Tyniec;05.10.2005;20;1540;679,39;1,51;3,25;0,84;12;5,3;2,2;1,7;0,183;2,9;0,31;4,41;0,31;1,52
2;Annopol;05.10.2005;20;1500;701,59;1,56;1,21;0,16;47,6;10;5,93;3,92;0,125;1,31;0,19;3,53;0,29;2,69
3;Warszawa;23.09.2005;20;1280;632,37;1,41;2,18;0,16;32,3;7,4;6,46;3,01;0,2;2,02;0,23;4,09;0,39;2,02
4;Płock;20.09.2005;20;1340;666,19;1,48;0,65;0,11;21,5;4,24; < 2 ; - ; - ;2,4;0,28;3,57;0,39;1,49
5;Kiezmark;20.09.2005;20;1550;618,97;1,38;2,39;0,19;13;3,15; < 2 ; - ; - ;2,56;0,28;5,1;0,39;1,99
6;Pułtusk;23.09.2005;20;1410;679,34;1,51;8,35;0,5;28,3;5,93;3,14;1,92;0,111;2,19;0,26;3,71;0,3;1,69
7;Wyszków ;23.09.2005;20;1320;658,34;1,46;0,84;0,1;12,2;2,78; < 2 ; - ; - ;1,58;0,21;3,32;0,27;2,1
8;Chałupki ;04.10.2005;20;1350;622,75;1,38;4,5;0,31;20,2;6,8;2,2;1,7;0,109;6,3;0,53;4,68;0,38;0,74
9;Wrocław;04.10.2005;20;1280;681,78;1,52;3,24;0,32;7,7;3,6; < 2 ; - ; - ;3,16;0,33;3,56;0,32;1,13
10;Głogów ;13.10.2005;20;600;426,93;0,95;21,8;1,47;73,9;12;3;2,1;0,041;4,4;0,41;6,78;0,54;1,54
11;Krajnik;13.10.2005;20;1050;656,72;1,46;0,87;0,25;14,1;4,7; < 2 ; - ; - ;2,12;0,27;4,13;0,32;1,95
12;Poznań;13.10.2005;20;1280;595,35;1,32;1,86;0,16;12,6;5,6; < 2 ; - ; - ;1,73;0,22;3,87;0,3;2,24
13;Wigry;21.09.2005;20;1350;629,29;1,4;5,9;0,4;27,5;6,35;2,24;0,08;0,081;2,12;0,26;2,96;0,3;1,4
14;Wadąg;21.09.2005;20;1420;711,24;1,58;4,09;0,3;7,13;3,32; < 2 ; - ; - ;2,22;0,26;3,57;0,31;1,61
15;Wielkie Partęczyny;20.09.2005;20;1280;740,73;1,65;10,1;0,62;7,31;4,35; < 2 ; - ; - ;2,45;0,27;3,09;0,29;1,26
16;Drawsko;12.10.2005;20;1260;591,14;1,31;8,58;0,57;24,3;8,65;2,48;0,1;0,102;1,85;0,24;4,15;0,31;2,24
17;Niesłysz;13.10.2005;20;1290;641,35;1,43;9,17;0,57;53,4;10,1; < 2 ; - ; - ;2,05;0,25;3,25;0,34;1,59
18;Rogóźno;05.10.2005;20;1520;620,21;1,38;19,9;1,18;40,8;8,8;3,17;0,08;0,078;5,42;0,49;12,3;0,7;2,27
1;Kraków Tyniec;08.09.2006;20;1 657,80;744,81;1,66;1,84;0,2;9,3;4,3;< 2;-;-;2,58;0,32;4,61;0,46;1,79
2;Annopol;08.09.2006;20;1 379,00;653,8;1,45;1,21;0,13;14,5;5,71;2,21;1,36;0,152;2,53;0,32;3,83;0,47;1,51
3;Warszawa;10.10.2006;20;1 600,00;746,9;1,66;0,56;0,07;13,7;5,43;3,05;2,01;0,223;2,22;0,3;3,49;0,42;1,57
4;Płock;20.10.2006;20;1 500,00;737,5;1,64;1,03;0,11;15;4,95;< 2;-;-;2,85;0,34;4,13;0,46;1,45
5;Kiezmark;20.10.2006;20;1 300,00;650,4;1,45;1,94;0,19;9,27;3,78;< 2;-;-;3,08;0,29;6,3;0,52;2,05
6;Pułtusk;05.10.2006;20;1 800,00;654,52;1,45;7,64;0,71;15,3;4,83;2,35;1,93;0,153;2,36;0,31;4,28;0,45;1,81
7;Wyszków ;05.10.2006;20;1 600,00;753,21;1,67;2,07;0,2;10;3,94;2,01;1,43;0,201;1,42;0,24;4,96;0,45;3,49
8;Chałupki ;07.09.2006;20;547,4;547,4;1,22;12,2;1,14;26,8;7,8;< 2;-;-;3,58;0,39;4,41;0,54;1,23
9;Wrocław;07.09.2006;20;1 376,00;646,89;1,44;1,19;0,19;21,4;7,24;< 2;-;-;4,5;0,45;4,84;0,67;1,08
10;Głogów ;18.10.2006;20;1 350,00;735,15;1,63;1,65;0,18;16,9;4,26;< 2;-;-;3,86;0,4;5,41;0,53;1,4
11;Krajnik;19.10.2006;20;1 540,00;688,2;1,53;1,18;0,12;13,7;4,7;< 2;-;-;2,78;0,33;3,47;0,44;1,25
12;Poznań;18.10.2006;20;1 260,00;612,47;1,36;1,21;0,13;11,8;5,87;< 2;-;-;2;0,28;3,07;0,39;1,54
1;Kraków Tyniec;21.06.2007;20;1500;639,27;1,42;2,92;0,15;10,4;2,5;2,49;1,5;0,239;1,8;0,22;2,96;0,26;1,64
2;Annopol;21.06.2007;20;1200;621,49;1,38;1,88;0,11;36,3;5,38;2,46;1,94;0,068;1,87;0,22;2,38;0,24;1,27
3;Warszawa;12.04.2007;20;1900;602,23;1,34;2,03;0,11;4,42;3,24;< 2; - ; - ;2,03;0,28;3,9;0,31;1,92
4;Płock;31.05.2007;20;1600;758,87;1,69;0,42;0,03;9,06;4,94;< 2; - ; - ;1,88;0,25;3,25;0,28;1,73
5;Kiezmark;31.05.2007;20;1600;700,79;1,56;1,94;0,1;9,01;3,45;< 2; - ; - ;1,56;0,22;2,44;0,24;1,56
6;Pułtusk;17.04.2007;20;1800;684,19;1,52;4,93;0,35;14,3;2,59;< 2; - ; - ;1,1;0,19;2,83;0,24;2,57
7;Wyszków ;17.04.2007;20;1750;767,38;1,71;1,26;0,07;10,8;3,32;< 2; - ; - ;1,31;0,2;3,83;0,31;2,92
8;Chałupki ;21.06.2007;20;1100;531,16;1,18;10,6;0,5;50,6;4,35;8,49;1,9;0,168;7,43;0,61;5,35;0,4;0,72
9;Wrocław;20.06.2007;20;1600;745,89;1,66;0,97;0,06;4,94;2,12;< 2; - ; - ;2,81;0,32;4,26;0,34;1,52
10;Głogów ;20.06.2007;20;1600;654,56;1,45;3,45;0,17;27,4;3,81;< 2; - ; - ;2,12;0,25;3,11;0,27;1,47
11;Krajnik;20.06.2007;20;1600;730,02;1,62;0,67;0,04;6,28;2,4;< 2; - ; - ;2,19;0,27;3,53;0,3;1,61
12;Poznań;19.06.2007;20;1700;681,1;1,51;1,25;0,07;14;3,01;< 2; - ; - ;1,62;0,23;3,52;0,29;2,17
13;Wigry;01.06.2007;20;1600;640,75;1,42;10,9;0,51;30,6;6,21;< 2; - ; - ;1,85;0,25;1,82;0,22;0,98
14;Wadąg;31.05.2007;20;1400;702,92;1,56;7,26;0,34;14,3;4,6;< 2; - ; - ;1,54;0,21;2,91;0,26;1,89
15;Wielkie Partęczyny;31.05.2007;20;1400;693,18;1,54;12,9;0,6;8,79;3,56;< 2; - ; - ;1,22;0,19;2;0,21;1,64
16;Drawsko;19.06.2007;20;2000;668,61;1,49;5,17;0,25;5,78;2,88;< 2; - ; - ;1,11;0,18;1,48;0,18;1,33
17;Niesłysz;20.06.2007;20;1400;657,77;1,46;5,33;0,25;14,7;3,54;2,36;1,86;0,161;2,39;0,28;3,11;0,28;1,3
18;Rogóźno;16.05.2007;20;900;550,88;1,22;54,7;2,54;23,5;4,02;3,13;1,89;0,133;5,7;0,51;8,23;0,61;1,44
1;Kraków Tyniec;30.10.2007;20;1700;711,27;1,58;0,6;0,03;21,9;6,09; < 2 ;-;-;2,85;0,32;3,62;0,31;1,27
2;Annopol;30.10.2007;20;1800;715,74;1,59;0,6;0,04;26,4;6; < 2 ;-;-;1,75;0,23;2,56;0,33;1,46
3;Warszawa;04.10.2007;20;1700;664,31;1,48;1,73;0,09;4,8;2,65; < 2 ;-;-;1,6;0,24;3,03;0,26;1,89
4;Płock;22.10.2007;20;1000;786,96;1,75;0,48;0,03;32,3;6,4; < 2 ;-;-;1,71;0,23;2,93;0,26;1,71
5;Kiezmark;22.10.2007;20;1500;677,79;1,51;2,65;0,13;9,67;2,21; < 2 ;-;-;1,79;0,24;2,8;0,22;1,56
6;Pułtusk;04.10.2007;20;1500;691,15;1,54;7,46;0,35;6,57;1,75;2,5;1,24;0,381;1,82;0,22;2,99;0,28;1,64
7;Wyszków ;04.10.2007;20;1700;735,19;1,63;1,07;0,06;3,6;1,96; < 2 ;-;-;1,27;0,2;2,8;0,25;2,2
8;Chałupki ;31.10.2007;20;700;375,27;0,83;31;1,44;151;10,8;23,4;3,99;0,155;3,84;0,4;3,55;0,32;0,92
9;Wrocław;20.09.2007;20;;;;1,07;0,08;4,8;2,09; < 2 ;-;-;2,48;0,29;4,06;0,28;1,64
10;Głogów ;19.09.2007;20;1000;579,57;1,29;9,4;0,44;49,9;4,29; < 2 ;-;-;4,43;0,42;5,27;0,4;1,19
11;Krajnik;07.11.2007;20;350;50;0,11;0,44;0,07;6,15;2,2; < 2 ;-;-;3,19;0,34;2,96;0,23;0,93
12;Poznań;08.11.2007;20;900;648,9;1,44;1,99;0,1;20,3;5,74; < 2 ;;;1,31;0,2;2,68;0,31;2,05
13;Wigry;23.10.2007;20;1200;768,04;1,71;4,02;0,35;20,3;5,48;6,73;3,69;0,333;1,47;0,22;2,18;0,22;1,48
14;Wadąg;22.10.2007;20;1300;705,99;1,57;3,28;0,17;6,8;2; < 2 ;-;-;1,49;0,21;2,38;0,24;1,6
15;Wielkie Partęczyny;22.10.2007;20;1500;769,5;1,71;7,11;0,34;8,94;3,63; < 2 ;-;-;2,54;0,29;2,45;0,26;0,96
16;Drawsko;07.11.2007;20;1200;828,1;1,84;2,84;0,15;7,23;2,93; < 2 ;-;-;1,25;0,19;2,35;0,28;1,88
17;Niesłysz;19.09.2007;20;1300;659,57;1,47;10,5;0,49;44,9;11,7;4,12;3,23;0,092;0,99;0,17;1,49;0,18;1,51
18;Rogóźno;30.10.2007;20;700;515,1;1,14;89;4,13;60,7;4,89;6,57;1,75;0,108;6,09;0,54;8,07;0,61;1,33
1;Kraków Tyniec;19.06.2008;20;960;561,63;1,25;11,5;1,08;44,9;3,95;10,2;1,97;0,227;2,3;0,28;2,2;0,24;0,96
2;Annopol;20.06.2008;20;800;466,53;1,04;5,26;0,53;85,1;6,54;12,5;2,54;0,147;2,45;0,28;2,76;0,26;1,13
3;Warszawa;24.04.2008;20;1350;663,8;1,48;2,32;0,24;21,4;3,47;2,18;1,48;0,102;2,19;0,27;2,6;0,25;1,19
4;Płock;29.04.2008;20;800;724,22;1,61;0,68;0,11;7,19;2,91; < 2 ; - ; - ;1,56;0,22;3,14;0,28;2,01
5;Kiezmark;29.04.2008;20;1500;730,06;1,62;1,85;0,18;7,89;3,02; < 2 ; - ; - ;1,31;0,19;2,92;0,26;2,23
6;Pułtusk;23.04.2008;20;1000;563,65;1,25;13,4;2,06;14,2;3,94; < 2 ; - ; - ;1,83;0,24;4,27;0,33;2,33
7;Wyszków ;24.04.2008;20;1300;753,14;1,67;1,03;0,11;8,67;4; < 2 ; - ; - ;1,65;0,17;3,7;0,3;2,24
8;Chałupki ;19.06.2008;20;600;400,17;0,89;24,7;2,26;84,2;5,68;23,6;2,89;0,28;4,45;0,42;3,95;0,32;0,89
9;Wrocław;03.06.2008;20;700;671,08;1,49;3,31;0,32;23,1;4,1; < 2 ; - ; - ;2,3;0,27;2,89;0,25;1,26
10;Głogów ;03.06.2008;20;330;131,53;0,99;59;5,44;100;10,1;8,54;3,6;0,085;2,4;0,28;3,26;0,27;1,36
11;Krajnik;02.06.2008;20;470;482,8;1,07;16,1;1,5;12,3;3,13; < 2 ; - ; - ;2,3;0,27;2,85;0,25;1,24
12;Poznań;02.06.2008;20;800;656,42;1,46;2,27;0,27;18,8;3,04; < 2 ; - ; - ;2,35;0,28;3,31;0,28;1,41
13;Wigry;30.04.2008;20;1350;666,95;1,48;4,26;0,41;14,2;3,06;3,78;2,76;0,268;1,1;0,17;2,32;0,23;2,11
14;Wadąg;29.04.2008;20;1200;590,43;1,31;9,16;0,84;44,6;7,9; < 2 ; - ; - ;2,2;0,25;2,89;0,24;1,31
15;Wielkie Partęczyny;29.04.2008;20;1900;693,91;1,54;9,09;0,83;2,24;2,15; < 2 ; - ; - ;2,25;0,26;2,35;0,22;1,04
16;Drawsko;02.06.2008;20;900;697,59;1,55;6,59;0,61;8,88;2,61; < 2 ; - ; - ;2,13;0,25;2,65;0,23;1,24
17;Niesłysz;03.06.2008;20;1450;736,85;1,64;5,9;0,54;13,4;4,28; < 2 ; - ; - ;3,17;0,32;2;0,21;0,63
18;Rogóźno;20.06.2008;20;870;570,01;1,27;53,8;4,88;60,1;7,88;4,15;2,24;0,069;7,31;0,6;7,85;0,47;1,07
1;Kraków Tyniec;10.10.2008;20;1250;723,49;1,61;2,72;0,26;9,18;1,9;;;;2,18;0,26;5,98;0,33;2,74
2;Annopol;10.10.2008;20;1100;611,52;1,36;2,37;0,22;26,3;6,28;;;;2,19;0,27;4,08;0,34;1,86
3;Warszawa;04.09.2008;20;1200;684,57;1,52;1,96;0,21;7,84;2,29;;;;1,31;0,17;2,79;0,26;2,13
4;Płock;12.09.2008;20;680;676,33;1,5;0,97;0,11;18,7;4;;;;2,9;0,3;3,03;0,28;1,04
5;Kiezmark;12.09.2008;20;1600;741,22;1,65;1,89;0,19;8,21;2,85;;;;2,2;0,26;2,73;0,26;1,24
6;Pułtusk;04.09.2008;20;850;663,78;1,48;6,17;0,59;15,3;4,79;;;;1,11;0,09;2,6;0,25;2,34
7;Wyszków ;04.09.2008;20;560;369,76;0,82;5,92;0,59;7,37;2,17;;;;2,6;0,3;2,81;0,28;1,08
8;Chałupki ;10.10.2008;20;670;411,75;0,92;29,8;2,74;89,1;7,6;;;;2,85;0,31;3,68;0,31;1,29
9;Wrocław;05.10.2008;20;700;685,01;1,52;0,88;0,11;10,1;3,25;;;;3,75;0,38;3,8;0,34;1,01
10;Głogów ;04.10.2008;20;700;527,34;1,17;22,4;2,08;56,5;5,53;;;;3,26;0,34;4,24;0,36;1,3
11;Krajnik;03.10.2008;20;1600;659,31;1,47;1,22;0,14;19,1;6,82;;;;3,36;0,35;3,21;0,3;0,96
12;Poznań;04.10.2008;20;1200;737,1;1,64;0,67;0,08;5,21;1,95;;;;1,73;0,22;3,03;0,28;1,75
13;Wigry;13.09.2008;20;1150;747,24;1,66;7,95;0,73;4,62;2,33;;;;1,68;0,22;1,97;0,21;1,17
14;Wadąg;12.09.2008;20;1000;672,17;1,49;5,46;0,53;9,18;3,55;;;;2,2;0,27;2,73;0,26;1,24
15;Wielkie Partęczyny;12.09.2008;20;1500;714,53;1,59;11,5;1,07;7,11;4,11;;;;2,39;0,28;2,21;0,23;0,92
16;Drawsko;03.10.2008;20;1000;758,22;1,68;4,96;0,47;9,59;3,39;;;;2,39;0,27;3,43;0,3;1,44
17;Niesłysz;04.10.2008;20;1000;712,23;1,58;7,15;0,67;12,3;2,63;;;;1,98;0,24;1,73;0,2;0,87
18;Rogóźno;11.10.2008;20;750;676,67;1,5;12;1,11;21,4;5,97;;;;6,42;0,55;9,54;0,56;1,49
1;Kraków Tyniec;19.07.2009;20;874;721,49;1,6;1,75;0,16;25,3;3,72;3,27;1,58;0,129;3,2;0,29;7,38;0,47;2,31
2;Annopol;19.07.2009;20;917;544,76;1,21;2,54;0,25;26;4,02;3,38;2,07;0,13;1,27;0,15;3,46;0,29;2,72
3;Warszawa;04.06.2009;20;930;705,32;1,57;0,67;0,07;10,8;2,26;<2;-;-;2,18;0,26;2,54;0,26;1,17
4;Płock;22.06.2009;20;990;735,03;1,63;0,94;0,2;10,9;2,78;<2;-;-;1,84;0,23;3,34;0,3;1,82
5;Kiezmark;21.06.2009;20;1300;675,77;1,5;1,85;0,1;13,2;2,83;<2;-;-;1,53;0,23;2,61;0,25;1,71
6;Pułtusk;04.06.2009;20;924;608,32;1,35;9,65;0,88;32,3;3,89;4,47;1,66;0,138;1,91;0,23;1,96;0,23;1,03
7;Wyszków ;04.06.2009;20;1266;687,3;1,53;1,04;0,11;25,7;3,72;4,68;1,88;0,182;2,36;0,28;2,81;0,27;1,19
8;Chałupki ;19.07.2009;20;951;443,42;0,99;14,4;1,41;80,1;7,48;8,32;2,49;0,104;2,26;0,24;3,42;0,25;1,51
9;Wrocław;10.06.2009;20;1450;801,1;1,78;0,62;0,07;7,7;2,48;<2;-;-;3,31;0,35;3,7;0,33;1,12
10;Głogów ;10.06.2009;20;922;703,81;1,56;2,81;0,29;22,6;3,48;<2;-;-;3,19;0,34;4,46;0,36;1,4
11;Krajnik;08.06.2009;20;1057;777,8;1,73;1,04;0,14;14,8;3,5;<2;-;-;2,25;0,26;2,27;0,25;1,01
12;Poznań;09.06.2009;20;1050;638,19;1,42;1,39;0,14;18;2,93;<2;-;-;1,98;0,24;3,66;0,32;1,85
13;Drawsko;08.06.2009;20;997;743,81;1,65;6,29;0,58;17,2;3,36;<2;-;-;2,81;0,3;3,58;0,32;1,27
14;Wadąg;21.06.2009;20;968;716,76;1,59;5,09;0,54;23,9;3,26;<2;-;-;1,83;0,23;2,74;0,26;1,5
15;Wielkie Partęczyny;22.06.2009;20;1100;665,1;1,48;12,7;1,15;12,4;3,18;<2;-;-;1,78;0,23;2,33;0,24;1,31
16;Rogóźno;19.07.2009;20;929;678,47;1,51;6,52;0,6;38,8;4,02;5,31;2,79;0,137;5,07;0,42;7,97;0,49;1,57
17;Niesłysz;09.06.2009;20;1443;724,25;1,61;8,03;0,75;23;3,8;<2;-;-;2,55;0,29;1,82;0,22;0,71
18;Wigry;21.06.2009;20;954;662,49;1,47;5,87;0,54;41,1;4,63;5,98;2,13;0,146;1,53;0,21;2,02;0,24;1,32
1;Kraków Tyniec;05.10.2009;20;1100;660,02;1,47;2,59;0,24;24,9;5,36;-;-;-;4,45;0,42;5,71;0,43;1,29
2;Annopol;06.10.2009;20;1000;666,68;1,48;1,48;0,16;19,4;5,81;-;-;-;2,82;0,31;2,78;0,28;0,99
3;Warszawa;08.09.2009;20;1020;621,79;1,38;4,38;0,42;20,1;4,6;<2;-;-;3,24;0,34;3,37;0,31;1,04
4;Płock;17.09.2009;20;1400;724,38;1,61;0,28;0,04;7,14;3,36;<2;-;-;2,8;0,3;3,25;0,3;1,16
5;Kiezmark;17.09.2009;20;1200;750,94;1,67;0,86;0,04;7,74;3,65;<2;-;-;2,37;0,33;3,34;0,31;1,43
6;Pułtusk;08.09.2009;20;1050;656,38;1,46;6,87;0,64;23,3;6,13;4,16;3,22;0,178;2,23;0,26;3,28;0,29;1,47
7;Wyszków ;08.09.2009;20;1100;641,54;1,43;2,33;0,24;7,44;1,72;<2;-;-;2,44;0,28;3,19;0,28;1,31
8;Chałupki ;05.10.2009;20;1200;518,71;1,15;10;1,07;47,4;6,12;4,6;2;0,097;4,13;0,39;4,7;0,38;1,14
9;Wrocław;04.10.2009;20;900;719,29;1,6;0,81;0,08;5,86;3,4;<2;-;-;4,94;0,46;5,67;0,41;1,15
10;Głogów ;11.10.2009;20;1000;678,32;1,51;4,36;0,42;30,1;10,3;<2;-;-;3,36;0,35;4,47;0,35;1,32
11;Krajnik;09.10.2009;20;750;705,75;1,57;0,35;0,04;16;5,47;<2;-;-;2,39;0,27;3,28;0,2;1,39
12;Poznań;10.10.2009;20;750;677,21;1,5;0,68;0,07;8,37;3,97;2,74;2,62;0,327;1,14;0,18;3,2;0,28;2,81
13;Drawsko;09.10.2009;20;800;687,43;1,53;1,43;0,14;2,42;2,35;<2;-;-;2,28;0,26;3,31;0,28;1,45
14;Wadąg;18.09.2009;20;1100;688,55;1,53;11,2;1,03;25;4,67;4,64;3,36;0,186;3,63;0,37;2,8;0,28;0,77
15;Wielkie Partęczyny;17.09.2009;20;1300;684,88;1,52;7,59;0,7;12,6;5,07;<2;-;-;2,58;0,28;2,31;0,25;0,89
16;Rogóźno;06.10.2009;20;700;494,83;1,1;76,3;6,94;53,8;5,75;<2;-;-;6,57;0,55;9,96;0,57;1,52
17;Niesłysz;10.10.2009;20;750;699,05;1,55;5,62;0,52;69,2;15;4,04;2,19;0,058;2,78;0,31;1,49;0,19;0,54
18;Wigry;18.09.2009;20;1000;734,78;1,63;4,65;0,44;11,1;5,31;<2;-;-;2,84;0,31;1,57;0,19;0,55
1;Kraków Tyniec;17.07.2010;20;1000;664,97;1,48;0,81;0,06;36,4;9,26;6,01;3,28;0,17;2,49;0,22;2,93;0,25;1,18
2;Annopol;17.07.2010;20;1000;621,42;1,38;1,14;0,17;34,83;5,25;2,17;1,97;0,06;0,96;0,11;2,99;0,23;3,11
3;Warszawa;21.07.2010;20;1000;619;1,38;3,44;0,52;21,04;3,77;2,15;1,98;0,1;2,99;0,22;3,53;0,28;1,18
4;Płock;19.07.2010;20;1000;798,37;1,77;1,03;0,16;10,4;6,42;2,67;1,79;0,26;0,9;0,12;3,94;0,32;4,38
5;Kiezmark;29.05.2010;20;1000;714,33;1,59;0,66;0,04;46,77;10,7;2,18;1,28;0,05;0,85;0,12;3,18;0,25;3,74
6;Pułtusk;19.07.2010;20;1000;729,59;1,62;3,46;0,52;20,35;3,79;8,78;3,66;0,43;0,71;0,1;3,39;0,27;4,77
7;Wyszków;19.07.2010;20;1000;642,59;1,43;3,12;0,11;23,4;3,13;4,37;1,88;0,19;1,56;0,17;3,34;0,26;2,14
8;Chałupki;16.07.2010;20;1000;324,84;0,72;17,57;0,56;238,8;6,77;<2;;;2,49;0,2;2,44;0,22;0,98
9;Wrocław;14.07.2010;20;1000;747,6;1,66;1,42;0,21;22,32;4,43;<2;;;2,46;0,23;2,92;0,24;1,19
10;Głogów;14.07.2010;20;1000;465,44;1,03;6,88;1,03;35,74;6,69;9,9;3,97;0,28;1,79;0,18;3,37;0,27;1,88
11;Krajnik;13.07.2010;20;1000;749,72;1,67;0,31;0,03;10,56;4,66;3,02;1,98;0,29;1,27;0,15;3,36;0,28;2,65
12;Poznań;13.07.2010;20;1000;541,87;1,2;2,26;0,02;61,81;19,2;8,14;3,67;0,13;1,59;0,17;4,46;0,33;2,81
13;Wigry;28.05.2010;20;1000;762,88;1,7;2,45;0,31;3,84;2,87;<2;;;4,08;0,26;2,29;0,22;0,56
14;Wadąg;28.05.2010;20;1000;584,16;1,3;8,03;1,2;80,4;16,9;3,03;2,01;0,04;1,34;0,14;3,03;0,24;2,26
15;Wielkie;29.05.2010;20;1000;665,48;1,48;10,12;1,2;<2;;<2;;;1,57;0,16;1,78;0,18;1,13
16;Drawsko;17.06.2010;20;1000;669,75;1,49;3,49;0,47;6,54;4,42;<2;;;0,76;0,11;2,34;0,21;3,08
17;Niesłysz;18.06.2010;20;1000;670,67;1,49;8,2;1,23;74,27;12,7;5,43;2,78;0,07;2,09;0,18;1,21;0,14;0,58
18;Rogóźno;02.06.2010;20;1000;641,29;1,43;20,16;2,03;13,34;4,88;2,96;1,59;0,22;5,3;0,3;7,94;0,44;1,5
1;Kraków Tyniec;08.10.2010;20;1000;793,9;1,76;5,1;0,14;28,42;6,17;8,26;3,39;0,29;5,66;0,49;4,52;0,32;0,8
2;Annopol;30.10.2010;20;1000;709,47;1,58;1,21;0,06;21,37;5,19;5,6;2,78;0,26;1,57;0,17;3,57;0,28;2,27
3;Warszawa;23.09.2010;20;1000;555,29;1,23;5,49;0,82;53,32;5,89;3,25;2,19;0,06;2,34;0,23;5,7;0,36;2,44
4;Płock;24.09.2010;20;1000;654,09;1,45;1,64;0,05;13,39;4,54;3,99;2,71;0,3;1,97;0,2;5,31;0,22;2,7
5;Kiezmark;20.10.2010;20;1000;725,64;1,61;1,06;0,04;14,36;5,2;<2;;;2,72;0,25;4,62;0,34;1,7
6;Pułtusk;24.09.2010;20;1000;731,43;1,63;6,41;0,16;10,24;2,37;<2;;;1,59;0,18;4,98;0,19;3,13
7;Wyszków;24.09.2010;20;1000;557,51;1,24;9,56;0,11;84,87;13,01;20,39;6,05;0,24;1,63;0,17;6,67;0,42;4,09
8;Chałupki;08.10.2010;20;1000;446,29;0,99;9,63;0,63;74,86;13,56;<2;;;3,21;0,27;3,72;0,29;1,16
9;Wrocław;09.10.2010;20;1000;635,3;1,41;6,26;0,22;42,83;9,93;<2;;;2,69;0,24;4,72;0,31;1,75
10;Głogów;18.10.2010;20;1000;544,75;1,21;17,76;0,45;65,46;9,65;6,98;3,13;0,11;9,97;0,32;2,05;0,21;0,21
11;Krajnik;21.10.2010;20;1000;738,9;1,64;1,65;0,08;19,9;9,33;4,33;1,98;0,22;3,04;0,23;4,51;0,31;1,48
12;Poznań;19.10.2010;20;1000;588,7;1,31;3,4;0,18;38,73;8,1;6,94;2,54;0,18;2,51;0,23;4,69;0,48;1,87
13;Wigry;27.10.2010;20;1000;797,43;1,77;3,43;0,41;21,28;10,6;4,74;2,86;0,22;0,9;0,13;1,5;0,13;1,67
14;Wadąg;28.10.2010;20;1000;668,24;1,48;20,68;3,1;36;13,03;7,87;1,59;0,22;2,27;0,22;2,66;0,34;1,17
15;Wielkie;20.10.2010;20;1000;691,85;1,54;8,14;0,2;8,43;2,87;<2;;;2,7;0,15;2,22;0,22;0,82
16;Drawsko;19.10.2010;20;1000;754,32;1,68;3,5;0,42;3,08;2,24;<2;;;0,8;0,07;3,06;0,26;3,83
17;Niesłysz;10.10.2010;20;1000;676,12;1,5;13,69;0,37;17,7;11,66;10,41;5,21;0,59;3,4;0,27;1,39;0,16;0,41
18;Rogóźno;30.09.2010;20;1000;670,85;1,49;9,33;0,25;53,8;5,75;7,33;1,01;0,14;5,33;0,35;8,2;0,45;1,54
1;Kraków Tyniec;30.03.2011;20;1000;689,67;1,53;2,73;0,06;27,59;5,51;<2;;;5;0,35;5,81;0,41;1,16
2;Annopol;30.03.2011;20;1000;596,52;1,33;3,47;0,05;61,25;11,4;<2;;;2,43;0,24;4,65;0,35;1,91
3;Warszawa;20.05.2011;20;1000;373,93;0,83;9,05;0,18;77,68;11,53;<2;;;1,07;0,14;3,78;0,32;3,53
4;Płock;19.05.2011;20;1000;769,93;1,71;1,36;0,05;10,1;2,47;<2;;;1,8;0,2;4,71;0,39;2,62
5;Kiezmark;16.05.2011;20;1000;749,54;1,67;1,89;0,04;29,78;6,18;<2;;;1,72;0,2;4,74;0,38;2,76
6;Pułtusk;19.05.2011;20;1000;814,88;1,81;6,25;0,05;7,26;4,13;<2;;;1,75;0,19;5,5;0,4;3,14
7;Wyszków;19.05.2011;20;1000;539,68;1,2;7,29;0,12;52,84;9,25;<2;;;1,74;0,2;4,4;0,37;2,53
8;Chałupki;31.03.2011;20;1000;561,15;1,25;9,32;0,13;43,14;6,3;15,69;3,39;0,36;4,59;0,34;3,37;0,3;0,73
9;Wrocław;31.03.2011;20;1000;755,72;1,68;4,1;0,09;30,27;6,9;<2;;;2,66;0,25;5,68;0,4;2,14
10;Głogów;01.06.2011;20;1000;477,12;1,06;22,3;0,11;91,26;10,9;11,72;0,13;0,13;1,4;0,17;4,07;0,32;2,91
11;Krajnik;01.06.2011;20;1000;696,53;1,55;0,95;0,03;32,12;8,68;<2;;;3,6;0,3;3,4;0,29;0,94
12;Poznań;02.06.2011;20;1000;734,59;1,63;0,42;0,01;2,94;6,94;<2;;;1,95;0,21;4,15;0,32;2,13
13;Wigry;15.06.2011;20;1000;748,21;1,66;5,39;0,05;8,55;4,53;<2;;;1,88;0,21;2,59;0,26;1,38
14;Wadąg;15.06.2011;20;1000;618,48;1,37;6,35;0,1;17,27;3,39;<2;;;1,01;0,14;2,79;0,25;2,76
15;Wielkie;16.06.2011;20;1000;712,52;1,58;9,92;0,11;24,18;7,24;<2;;;3,07;0,28;3,44;0,3;1,12
16;Drawsko;02.06.2011;20;1000;714,8;1,59;3,25;0,07;8,84;8,63;<2;;;1,32;0,11;2,82;0,27;2,14
17;Niesłysz;01.06.2011;20;1000;672,05;1,49;5,06;0,09;15,67;8,96;<2;;;2,81;0,25;2,23;0,29;0,79
18;Rogóźno;15.06.2011;20;1000;768,5;1,71;13,22;0,13;20,17;17,11;<2;;;7,43;0,59;10,03;0,73;1,35
1;Kraków Tyniec;24.08.2011;20;1000;696,66;1,548133333;0,99;0,03;4,62;2,66;<2;;;2,69;0,25;4,28;0,34;1,591078067
2;Annopol;24.08.2011;20;1000;602;1,337777778;1,66;0,04;37,29;13,87;<2;;;2,27;0,23;5,05;0,39;2,224669604
3;Warszawa;21.10.2011;20;1000;721,7;1,603777778;1,34;0,05;18,72;7,12;<2;;;1,42;0,17;3,95;0,32;2,781690141
4;Płock;14.09.2011;20;1000;694,49;1,543311111;0,88;0,04;9,98;4,11;<2;;;1,71;0,2;4,71;0,39;2,754385965
5;Kiezmark;13.09.2011;20;1000;749,21;1,664911111;0,88;0,02;<2;;<2;;;1,62;0,18;6,48;0,43;4
6;Pułtusk;06.10.2011;20;1000;654,07;1,453488889;5,62;0,09;35,52;12,93;<2;;;2,26;0,22;3,62;0,26;1,601769912
7;Wyszków;06.10.2011;20;1000;752,6;1,672444444;0,96;0,04;21,96;7,93;<2;;;2,38;0,24;3,87;0,34;1,62605042
8;Chałupki;25.08.2011;20;1000;485,5;1,078888889;8,63;0,08;48,06;9,21;<2;;;2,59;0,24;5,3;0,4;2,046332046
9;Wrocław;25.08.2011;20;1000;681,15;1,513666667;1,37;0,04;8,31;3,66;<2;;;2,1;0,21;4,58;0,35;2,180952381
10;Głogów;25.08.2011;20;1000;481,04;1,068977778;94,59;0,08;146,56;22,99;14,05;6,47;0,09;2,46;0,24;3,87;0,3;1,573170732
11;Krajnik;26.08.2011;20;1000;763,05;1,695666667;0,62;0,02;15,72;7,35;<2;;;2,61;0,25;5,15;0,39;1,973180077
12;Poznań;26.08.2011;20;1000;802,78;1,783955556;0,56;0,02;50,29;13,86;<2;;;1,47;0,17;3,52;0,3;2,394557823
13;Wigry;07.10.2011;20;1000;708,85;1,575222222;4,42;0,09;4,52;1,89;<2;;;1,69;0,19;2,99;0,28;1,769230769
14;Wadąg;07.10.2011;20;1000;652;1,448888889;2,24;0,07;6,56;9,85;<2;;;1,67;0,19;3,55;0,31;2,125748503
15;Wielkie;12.09.2011;20;1000;722,91;1,606466667;4,56;0,08;39,26;8,94;<2;;;2,43;0,23;3,12;0,28;1,283950617
16;Drawsko;14.09.2011;20;1000;770,07;1,711266667;3;0,07;6,7;2,68;<2;;;2,1;0,21;3,93;0,33;1,871428571
17;Niesłysz;25.08.2011;20;1000;704;1,564444444;5,78;0,1;29;6,82;<2;;;4,06;0,32;2,32;0,24;0,571428571
18;Rogóźno;24.08.2011;20;1000;781,13;1,735844444;18,72;0,14;154,51;20,6;<2;;;7,8;0,44;11,1;0,57;1,423076923
1;Kraków Tyniec;08.05.2012;20;1000;750;1,67;1,25;0,08;8,19;1,68;-;-;-;7,05;0,43;4,29;0,33;0,61
2;Annopol;08.05.2012;20;1000;680;1,51;1,84;0,16;36,96;3,91;-;-;-;12,33;0,58;5,32;0,36;0,43
3;Warszawa;06.06.2012;20;1000;690;1,53;2,06;0,18;69,2;6,5;-;-;-;9,71;0,49;9,61;0,51;0,99
4;Płock;23.05.2012;20;1000;690;1,53;1,22;0,16;187,58;19,39;-;-;-;2,64;0,24;4;0,32;1,52
5;Kiezmark;22.05.2012;20;1000;780;1,73;0,85;0,14;96,74;10,12;-;-;-;3,04;0,27;3,34;0,27;1,1
6;Pułtusk;22.05.2012;20;1000;660;1,47;7,45;0,35;18,08;2,69;-;-;-;2,48;0,24;4,39;0,38;1,77
7;Wyszków;22.05.2012;20;1000;860;1,91;2,06;0,25;69,2;6,5;-;-;-;2,13;0,22;5,08;0,37;2,38
8;Chałupki;08.05.2012;20;1000;410;0,91;14,94;0,72;26,38;2,93;-;-;-;40,72;1,04;3,26;0,28;0,08
9;Wrocław;09.05.2012;20;1000;770;1,71;2,03;0,2;26,16;3,38;-;-;-;6,49;0,41;3,72;0,3;0,57
10;Głogów;09.05.2012;20;1000;680;1,51;4,15;0,27;60,87;4,29;3,87;1,66;0,06;3,3;0,28;2,15;0,25;0,65
11;Krajnik;09.05.2012;20;1000;690;1,53;1,54;0,31;17,96;6,37;-;-;-;3,73;0,31;2,65;0,24;0,71
12;Poznań;10.05.2012;20;1000;720;1,6;1,25;0,25;151,2;9,31;5,16;2,7;0,03;10,96;0,54;4,39;0,35;0,4
13;Wigry;22.05.2012;20;1000;780;1,73;4,26;0,23;5,83;1,94;-;-;-;2,86;0,26;2,76;0,26;0,97
14;Wadąg;22.05.2012;20;1000;760;1,69;2,69;0,18;4,22;1,56;-;-;-;2,54;0,24;2,79;0,27;1,1
15;Wielkie;09.05.2012;20;1000;710;1,58;4,64;0,33;179,47;17,56;-;-;-;4,89;0,34;2,2;0,23;0,45
16;Drawsko;23.05.2012;20;1000;770;1,71;2,95;0,23;8,29;6,73;-;-;-;4,78;0,34;5,36;0,39;1,12
17;Niesłysz;10.05.2012;20;1000;630;1,4;4,01;0,25;28,43;4,37;-;-;-;3,6;0,29;2,49;0,25;0,69
18;Rogóźno;08.05.2012;20;1000;810;1,8;8,11;0,39;6,97;2,31;-;-;-;9,07;0,5;6,19;0,41;0,68
1;Kraków Tyniec;18.09.2012;20;1000;770;1,71;0,84;0,04;6,77;1,94;-;-;-;3,4;0,29;7,24;0,33;2,13
2;Annopol;18.09.2012;20;1000;680;1,51;1,6;0,08;25,96;3,66;-;-;-;3,67;0,3;4,18;0,23;1,14
3;Warszawa;30.08.2012;20;1000;810;1,8;0,44;0,06;4,55;1,66;-;-;-;1,25;0,18;2,18;0,16;1,74
4;Płock;31.08.2012;20;1000;800;1,78;0,49;0,07;13,6;3,64;-;-;-;3,68;0,29;3,26;0,27;0,89
5;Kiezmark;07.09.2012;20;1000;880;1,96;0,58;0,06;8,66;3,05;-;-;-;2,07;0,21;2,71;0,17;1,31
6;Pułtusk;31.08.2012;20;1000;750;1,67;6,78;0,22;9,64;2,78;-;-;-;1,29;0,23;1,59;0,13;1,23
7;Wyszków;31.08.2012;20;1000;740;1,64;1,68;0,06;26,79;4,79;-;-;-;2,33;0,34;3,32;0,19;1,42
8;Chałupki;19.09.2012;20;1000;550;1,22;12,22;0,36;45,46;3,66;4,91;1,9;0,11;4,95;0,35;4,81;0,27;0,97
9;Wrocław;19.09.2012;20;1000;760;1,69;2,61;0,15;11,58;2,68;-;-;-;6;0,4;4,03;0,22;0,67
10;Głogów;19.09.2012;20;1000;700;1,56;2,56;0,15;13,6;2,53;-;-;-;4,23;0,32;4,9;0,24;1,16
11;Krajnik;20.09.2012;20;1000;680;1,51;0,54;0,04;3,41;1,61;-;-;-;1,98;0,22;2,22;0,16;1,12
12;Poznań;21.09.2012;20;1000;790;1,76;0,59;0,03;8,52;2,3;-;-;-;2,41;0,17;3,18;0,19;1,32
13;Wigry;06.09.2012;20;1000;770;1,71;4,83;0,26;10,98;1,67;-;-;-;1,97;0,21;2,86;0,28;1,45
14;Wadąg;06.09.2012;20;1000;810;1,8;1,36;0,07;4,38;1,66;-;-;-;1,59;0,18;3,12;0,19;1,96
15;Wielkie;07.09.2012;20;1000;810;1,8;3,55;0,15;41,7;4,93;-;-;-;4,34;0,32;3,18;0,3;0,73
16;Drawsko;20.09.2012;20;1000;770;1,71;3,17;0,09;4,32;1,75;-;-;-;7,25;0,43;4,34;0,21;0,6
17;Niesłysz;20.09.2012;20;1000;705;1,57;6,08;0,2;13,14;2,76;-;-;-;3,8;0,31;1,6;0,13;0,42
18;Rogóźno;18.09.2012;20;1000;89;0,89;71,31;1,8;191,36;12,34;8,53;3,69;0,04;5,38;0,26;9,2;0,36;1,71
1;Kraków Tyniec;13.05.2013;20;1000;400;0,89;63,75;3,64;225,75;10,55;26,19;4,22;0,12;5,65;0,63;4,46;0,89;0,79
2;Annopol;13.05.2013;20;1000;700;1,56;2,61;0,11;43,15;4,35;6,78;2,79;0,16;2,63;0,37;4,38;0,81;1,67
3;Warszawa;21.06.2013;20;1000;520;1,16;5,14;0,16;45,99;2,26;;;;2,97;0,37;4,62;0,9;1,56
4;Płock;21.06.2013;20;1000;650;1,44;2,69;0,12;29,41;4,01;;;;2,99;0,37;5,05;0,96;1,69
5;Kiezmark;03.06.2013;20;1000;740;1,64;1,42;0,1;9,94;2,23;;;;3,27;0,4;5,71;1,2;1,75
6;Pułtusk;21.06.2013;20;1000;600;1,33;11,48;0,32;41,85;15,71;;;;2,77;0,35;3,61;0,69;1,3
7;Wyszków;21.06.2013;20;1000;750;1,67;8,05;0,24;62,08;4,31;6,18;3,15;0,1;2;0,27;11,59;2,18;5,8
8;Chałupki;13.05.2013;20;1000;460;1,02;8,86;0,4;82,92;8,3;;;;1,66;0,24;4,88;0,88;2,94
9;Wrocław;14.05.2013;20;1000;740;1,64;3,41;0,14;37,13;4,45;;;;5,16;0,58;4,6;0,83;0,89
10;Głogów;14.05.2013;20;1000;447;0,99;11,66;0,38;62,84;4,94;;;;4,42;0,41;4,65;0,88;1,05
11;Krajnik;14.05.2013;20;1000;750;1,67;1,48;0,11;31,17;4,69;;;;2,41;0,16;4,83;0,87;2
12;Poznań;15.05.2013;20;1000;510;1,13;3,62;0,19;43,48;6,44;;;;1,77;0,25;6;1,16;3,39
13;Wigry;15.05.2013;20;1000;750;1,67;5,12;0,17;36,95;6,29;;;;2,33;0,3;2,52;0,48;1,08
14;Wadąg;20.06.2013;20;1000;720;1,6;1,47;0,09;8,82;2,33;;;;1,5;0,22;2,65;0,57;1,77
15;Wielkie Partęczyny;20.06.2013;20;1000;780;1,73;2,58;0,12;21,32;4,04;;;;2,7;0,34;2,16;0,45;0,8
16;Drawsko;15.05.2013;20;1000;790;1,76;3,06;0,13;9,32;2,55;;;;2,81;0,3;3,67;0,72;1,31
17;Niesłysz;14.05.2013;20;1000;580;1,29;7,9;0,26;192,73;10,5;5,77;3,8;0,03;5,63;0,56;2,49;0,49;0,44
18;Rogóźno;13.05.2013;20;1000;770;1,71;11,96;0,32;30,82;4,07;;;;5,88;0,65;8,36;1,63;1,42
1;Kraków Tyniec;27.08.2013;20;1000;710;1,58;1,79;0,06;9,49;1,89;;;;4,18;0,49;2,56;0,52;0,61
2;Annopol;27.08.2013;20;1000;710;1,58;0,98;0,18;29,07;2,88;;;;3,59;0,43;3,25;0,66;0,91
3;Warszawa;01.10.2013;20;1000;702;1,56;1,72;0,05;24,39;3,78;;;;1,92;0,26;3,41;0,7;1,78
4;Płock;01.10.2013;20;1000;750;1,67;0,74;0,05;15,99;3,5;;;;2,82;0,35;1,96;0,4;0,7
5;Kiezmark;13.09.2013;20;1000;750;1,67;1,04;0,41;7,5;2,92;;;;2,64;0,33;1,56;0,33;0,59
6;Pułtusk;12.09.2013;20;1000;740;1,64;5,23;0,17;22,45;3,5;;;;2,43;0,31;2,46;0,5;1,01
7;Wyszków;12.09.2013;20;1000;800;1,78;0,72;0,05;4,89;2,29;;;;4,3;0,49;1,56;0,32;0,36
8;Chałupki;28.08.2013;20;1000;620;1,38;5,18;0,19;30,5;4,89;4,48;2,09;0,15;7,25;0,79;3,01;0,61;0,42
9;Wrocław;28.08.2013;20;1000;720;1,6;3,12;0,13;25,7;3,01;;;;5,3;0,59;3,7;0,76;0,7
10;Głogów;28.05.2013;20;1000;155;1,55;3,04;0,47;15,7;1,8;;;;4,22;0,49;2,54;0,52;0,6
11;Krajnik;28.08.2013;20;1000;770;1,71;3,62;0,19;5,18;2,76;;;;2,03;0,15;3,45;0,7;1,7
12;Poznań;30.08.2013;20;1000;730;1,62;1,03;0,08;15,7;3,45;;;;2,18;0,29;6,22;1,27;2,85
13;Wigry;20.06.2013;20;1000;700;1,56;3,6;0,14;6,38;2,19;;;;2,94;0,36;1,42;0,29;0,48
14;Wadąg;20.06.2013;20;1000;750;1,67;1,17;0,06;21,6;4,32;;;;1,88;0,26;2,26;0,46;1,2
15;Wielkie Partęczyny;20.06.2013;20;1000;790;1,76;4,98;0,17;27,14;4,85;;;;1,06;0,17;1,69;0,34;1,59
16;Drawsko;15.05.2013;20;1000;760;1,69;3,54;0,14;6,62;2,6;;;;0,76;0,14;4,68;0,96;6,16
17;Niesłysz;14.05.2013;20;1000;660;1,47;6,44;0,2;58,7;6,31;7,8;5,04;0,13;2,67;0,34;1,35;0,28;0,51
18;Rogóźno;13.05.2013;20;1000;470;1,04;29,03;0,75;60,02;5,3;8,44;2,06;0,14;5,3;0,59;7,56;1,55;1,43
1;Kraków Tyniec;14.05.2014;20;1000;670;1,49;1,46;0,26;11,1;2,02;;;;4,5;0,52;9,24;1,81;2,05
2;Annopol;14.05.2014;20;1000;700;1,56;4,9;0,28;61,05;5,3;3,09;1,24;0,05;1,34;0,2;5,58;1,03;4,16
3;Warszawa;18.06.2014;20;1000;640;1,42;4,89;0,32;30,75;3,96;;;;2,03;0,3;3,91;0,76;1,93
4;Płock;11.04.2014;20;1000;770;1,71;0,78;0,28;10,24;3,1;;;;3,14;0,38;4,69;0,89;1,49
5;Kiezmark;09.05.2014;20;1000;700;1,56;1,91;0,14;17,33;3,99;;;;2,49;0,32;2,81;0,59;1,13
6;Pułtusk;11.04.2014;20;1000;630;1,4;8,34;0,72;27,7;3,99;;;;2,41;0,31;3,46;0,66;1,44
7;Wyszków;11.04.2014;20;1000;460;1,02;10,1;1,04;93,63;7,19;4,78;1,68;0,05;2,59;0,33;6,04;1,13;2,33
8;Chałupki;15.05.2014;20;1000;500;1,11;13,75;1,08;50,61;3,65;;;;7,67;0,83;4,37;0,79;0,57
9;Wrocław;15.05.2014;20;1000;740;1,64;2,42;0,28;13,92;2,32;3,7;1,26;0,27;4,76;0,55;3,09;0,57;0,65
10;Głogów;15.05.2014;20;1000;120;1,2;12,96;1,78;104,05;6,49;14,04;2,29;0,14;4,39;0,5;3,35;0,65;0,76
11;Krajnik;15.05.2014;20;1000;770;1,71;0,35;0,12;;;;;;5,38;0,6;4,61;0,88;0,86
12;Poznań;16.05.2014;20;1000;700;1,56;1,03;0,24;15,15;2,73;;;;2,49;0,32;4,21;0,81;1,69
13;Wigry;08.06.2014;20;1000;740;1,64;4,77;0,44;7,05;1,91;;;;2,28;0,3;6,73;1,28;2,95
14;Wadąg;08.06.2014;20;1000;660;1,47;1,61;0,52;8,48;3,23;;;;1,64;0,24;3,73;0,73;2,27
15;Wielkie Partęczyny;03.06.2014;20;1000;760;1,69;3,84;0,26;;;;;;3,22;0,39;2,22;0,44;0,69
16;Drawsko;16.05.2014;20;1000;810;1,8;3,86;0,34;;;;;;1,67;0,24;3,23;3,52;1,93
17;Niesłysz;15.05.2014;20;1000;600;1,33;7,03;0,26;33,23;4;;;;3,36;0,38;2,09;0,41;0,62
18;Rogóźno;14.05.2014;20;1000;710;1,58;14,54;1,24;16,13;3,43;;;;5,58;0,63;8,89;1,73;1,59
1;Kraków Tyniec;06.10.2014;20;1000;622,1;1,38;7,52;0,41;43,23;3,67;;;;3,51;0,4;4,55;0,91;1,3
2;Annopol;06.10.2014;20;1000;734;1,63;1,45;0,18;24,35;3,37;;;;4,34;0,48;3,41;0,68;0,8
3;Warszawa;29.08.2014;20;1000;530;1,18;4,01;0,23;65,85;5,13;4;2,13;0,06;3,63;0,43;6,86;1,37;1,9
4;Płock;27.08.2014;20;1000;710;1,58;1,1;0,3;11,61;1,92;;;;1,98;0,27;16,15;3,23;8,2
5;Kiezmark;27.08.2014;20;1000;147,05;1,47;2,57;0,5;26,5;3,78;;;;2,95;0,36;3,56;0,71;1,2
6;Pułtusk;26.08.2014;20;1000;570;1,27;11,25;0,72;30,38;1,91;;;;1,5;0,22;5,23;1,05;3,5
7;Wyszków;26.08.2014;20;1000;690;1,53;1,77;0,3;14,85;1,63;;;;1,9;0,25;4,26;0,85;2,2
8;Chałupki;07.10.2014;20;1000;490;1,09;10,05;0,56;63,85;5,82;3,53;1,42;0,06;2,88;0,41;3,72;0,74;1,3
9;Wrocław;07.10.2014;20;1000;670;1,49;3,33;0,46;24,69;3,3;;;;4,95;0,56;4,77;0,95;1
10;Głogów;07.10.2014;20;1000;819,8;1,82;8,45;0,46;70,92;7,51;7,37;2,45;0,1;1,82;0,25;4,48;0,9;2,5
11;Krajnik;08.10.2014;20;1000;680;1,51;0,5;0,16;4,96;1,38;;;;1,37;0,2;2,52;0,52;1,8
12;Poznań;09.10.2014;20;1000;640;1,42;1,38;0,3;12,8;3,32;;;;1,84;0,29;5,02;1;2,7
13;Wigry;26.08.2014;20;1000;670;1,49;1,56;0,36;;;;;;1,53;0,22;2,93;0,57;1,9
14;Wadąg;26.08.2014;20;1000;610;1,36;6,56;0,4;4,97;1,49;;;;2,04;0,28;4,11;0,82;2
15;Wielkie Partęczyny;27.08.2014;20;1000;825;1,83;5,15;0,5;24,33;3,83;;;;3,87;0,45;2,47;0,49;0,6
16;Drawsko;09.10.2014;20;1000;760;1,69;13,53;0,78;4,22;2,68;;;;3,14;0,38;3,57;0,71;1,1
17;Niesłysz;07.10.2014;20;1000;660;1,47;2,69;0,34;53,54;3,09;3,51;1,23;0,07;5,16;0,63;1,51;0,3;0,3
18;Rogóźno;06.10.2014;20;1000;676,8;1,5;23,02;1,06;20,7;3,65;;;;6,69;0,73;7,29;1,5;1,1
1;Kraków Tyniec;14.04.2015;20;1000;450;1;10,67;0,78;14,95;3,22;;;;1,49;0,24;3,24;0,67;2,17
2;Annopol;14.04.2015;20;1000;620;1,38;2,29;0,18;36,53;3,86;;;;1,75;0,23;3,25;0,67;1,86
3;Warszawa;22.05.2015;20;100;85,4;0,85;7,84;1,88;66,26;6,74;;;;1,49;0,2;3,04;0,63;2,04
4;Płock;24.04.2015;20;1000;730;1,62;0,99;0,08;9,32;2,15;;;;0,74;0,13;3,03;0,62;4,09
5;Kiezmark;24.04.2015;20;1000;770;1,71;1,57;0,1;21,78;2,27;;;;2,75;0,32;3,8;0,78;1,38
6;Pułtusk;23.04.2015;20;1000;580;1,29;14,14;0,96;47,37;4,75;;;;3,58;0,4;3,49;0,67;0,97
7;Wyszków;23.04.2015;20;1000;750;1,67;2,05;0,12;59,46;4,75;3,73;1,07;0,06;2,2;0,27;3,6;0,74;1,64
8;Chałupki;15.04.2015;20;1000;540;1,2;9,63;1,02;5,52;1,63;;;;1,7;0,22;3,49;0,72;2,05
9;Wrocław;15.04.2015;20;1000;720;1,6;2,31;0,12;65,08;6,01;;;;3,45;0,39;3,62;0,75;1,05
10;Głogów;15.04.2015;20;200;121,6;1,22;15,02;2,84;53,45;3,95;;;;2,64;0,32;4,86;1;1,84
11;Krajnik;16.04.2015;20;1000;780;1,73;0,33;0,06;4,04;1,91;;;;1,54;0,2;3,04;0,63;1,97
12;Poznań;17.04.2015;20;1000;680;1,51;1,71;0,14;15,44;3,18;;;;1,89;0,25;3,71;0,76;1,96
13;Wigry;23.04.2015;20;1000;740;1,64;5,32;0,46;13,46;4,2;;;;2,55;0,3;2,21;0,3;0,87
14;Wadąg;23.04.2015;20;1000;700;1,56;1,27;0,12;4,4;1,53;;;;1,53;0,21;2,47;0,21;1,61
15;Wielkie Partęczyny;24.04.2015;20;1000;770;1,71;3,98;0,36;54,97;7,99;2,44;2,44;0,04;2,19;0,26;2,75;0,26;1,26
16;Drawsko;17.04.2015;20;1000;770;1,71;3,2;0,28;5,27;1,95;;;;2,23;0,27;3,21;0,27;1,44
17;Niesłysz;16.04.2015;20;1000;620;1,38;6,09;0,44;67,03;5,94;2,38;1,26;0,04;2,37;0,29;2,47;0,29;1,04
18;Rogóźno;14.04.2015;20;100;86,9;0,87;42,73;9,94;179,17;9,06;9,45;2,02;0,05;3,77;0,43;7,34;0,43;1,95
1;Kraków Tyniec;24.08.2015;20;1000;650;1,44;1,8;0,34;9,52;2,04;;;;3,74;0,42;6,61;1,36;1,8
2;Annopol;24.08.2015;20;1000;620;1,38;1,49;0,34;26,47;4,76;;;;2,72;0,32;2,72;0,56;1
3;Warszawa;16.09.2015;20;1000;700;1,56;0,64;0,22;6,58;2,68;;;;3,58;0,38;2,91;0,09;0,8
4;Płock;21.08.2015;20;1000;690;1,53;1,28;0,2;11,3;3,26;;;;1,98;0,25;2,82;0,58;1,4
5;Kiezmark;21.08.2015;20;1000;640;1,42;2,52;0,14;8,87;3,3;;;;1,77;0,23;3,26;0,67;1,8
6;Pułtusk;20.08.2015;20;1000;730;1,62;4,68;0,5;4,93;3,56;;;;2,55;0,3;2,37;0,49;0,9
7;Wyszków;20.08.2015;20;1000;790;1,76;0,59;0,12;6,34;2,13;;;;3,95;0,44;1,87;0,39;0,5
8;Chałupki;25.08.2015;20;1000;650;1,44;3,57;0,6;18,7;3,45;;;;3,01;0,33;4,29;0,88;1,4
9;Wrocław;25.08.2015;20;1000;730;1,62;1,01;0,26;14,79;4,54;;;;4,11;0,46;3,94;0,81;1
10;Głogów;25.08.2015;20;1000;640;1,42;1,86;0,18;9,42;2,44;;;;3,83;0,43;5,15;1,06;1,3
11;Krajnik;26.08.2015;20;1000;800;1,78;0,4;0,22;3,87;1,4;;;;3,07;0,36;2,79;0,57;0,9
12;Poznań;27.08.2015;20;1000;760;1,69;0,67;0,06;15,33;3,29;;;;2,28;0,27;2,39;0,49;1
13;Wigry;20.08.2015;20;1000;770;1,71;5,05;0,46;15,75;4,07;;;;1,23;0,18;1,87;0,18;1,5
14;Wadąg;20.08.2015;20;1000;730;1,62;1,26;0,08;4,7;2,59;;;;2,81;0,33;2,79;0,33;1
15;Wielkie Partęczyny;21.08.2015;20;1000;730;1,62;7,6;0,58;26,21;5,84;;;;3,21;0,37;2,55;0,37;0,8
16;Drawsko;27.08.2015;20;1000;760;1,69;3,36;0,14;3,85;3,93;;;;1,5;0,2;4,44;0,2;3
17;Niesłysz;26.08.2015;20;1000;580;1,29;6,31;0,44;89,98;8,27;2,77;1,57;0,03;1,65;0,21;3,12;0,21;1,9
18;Rogóźno;24.08.2015;20;1000;620;1,38;11,52;0,78;39,58;4,16;2,47;1,17;0,06;4,87;0,53;9,01;0,53;1,9
1;Kraków Tyniec;09.05.2016;20;1000;450;1;5,23;0,86;33,75;2,69;;;;1,49;0,24;3,24;0,67;2,17
2;Annopol;09.05.2016;20;1000;620;1,38;2,64;0,13;35,06;3,51;;;;1,75;0,23;3,25;0,67;1,86
3;Warszawa;28.04.2016;20;100;85,4;0,85;8,76;0,37;98,97;5,39;;;;1,49;0,2;3,04;0,63;2,04
4;Płock;06.04.2016;20;1000;730;1,62;0,25;0,06;8,56;2,49;;;;0,74;0,13;3,03;0,62;4,09
5;Kiezmark;06.04.2016;20;1000;770;1,71;5,56;0,31;24,23;3,1;;;;2,75;0,32;3,8;0,78;1,38
6;Pułtusk;05.04.2016;20;1000;580;1,29;15,28;0,76;25,55;2,93;;;;3,58;0,4;3,49;0,67;0,97
7;Wyszków;05.04.2016;20;1000;750;1,67;4,92;0,69;22,71;3,37;;;;2,2;0,27;3,6;0,74;1,64
8;Chałupki;10.05.2016;20;1000;540;1,2;8,59;0,89;38,01;2,83;;;;1,7;0,22;3,49;0,72;2,05
9;Wrocław;10.05.2016;20;1000;720;1,6;1,51;0,08;9,5;1,97;;;;3,45;0,39;3,62;0,75;1,05
10;Głogów;10.05.2016;20;200;121,6;1,22;6,81;0,54;18,54;2,08;;;;2,64;0,32;4,86;1;1,84
11;Krajnik;11.05.2016;20;1000;780;1,73;2,7;0,15;21,28;1,88;;;;1,54;0,2;3,04;0,63;1,97
12;Poznań;12.05.2016;20;1000;680;1,51;0,89;0,13;9,52;3,03;;;;1,89;0,25;3,71;0,76;1,96
13;Wigry;12.05.2016;20;1000;740;1,64;4,32;0,24;6,64;2,02;;;;2,55;0,3;2,21;0,3;0,87
14;Wadąg;05.04.2016;20;1000;700;1,56;1,36;0,28;2,03;2,03;;;;1,53;0,21;2,47;0,21;1,61
15;Wielkie Partęczyny;06.04.2016;20;1000;770;1,71;6,29;0,31;4,02;1,44;;;;2,19;0,26;2,75;0,26;1,26
16;Drawsko;09.05.2016;20;1000;770;1,71;2,99;0,13;16,07;3,08;;;;2,23;0,27;3,21;0,27;1,44
17;Niesłysz;10.05.2016;20;1000;620;1,38;5,65;0,35;27,1;3,94;;;;2,37;0,29;2,47;0,29;1,04
18;Rogóźno;05.04.2016;20;100;86,9;0,87;44,33;2,12;93,61;6,61;;;;3,77;0,43;7,34;0,43;1,95
1;Kraków Tyniec;11.10.2016;20;1000;500;1,11;6,42;0,17;32,15;3,01;;;;3,97;0,46;4,68;1,01;1,2
2;Annopol;11.10.2016;20;1000;470;1,04;4,61;0,12;120,02;7,45;;;;3,1;0,36;4,96;1,07;1,6
3;Warszawa;28.10.2016;20;1000;400;0,89;7,78;0,17;69,6;4,07;;;;0,95;0,16;3,25;0,7;3,4
4;Płock;23.09.2016;20;1000;690;1,53;0,24;0,13;<2;;;;;2,75;0,34;2,61;0,56;0,9
5;Kiezmark;23.09.2016;20;1000;800;1,78;1,03;0,06;7,16;2,05;;;;0,92;0,15;3,13;0,67;3,4
6;Pułtusk;22.09.2016;20;1000;681;1,51;4,93;0,12;8,25;2,4;;;;1,45;0,2;4,28;0,95;3
7;Wyszków;22.09.2016;20;1000;790;1,76;0,43;0,12;3,1;1,45;;;;1,86;0,25;2,03;0,44;1,1
8;Chałupki;12.10.2016;20;1000;360;0,8;14,45;0,38;167,05;8,94;;;;4,23;0,47;3,49;0,75;0,8
9;Wrocław;12.10.2016;20;1000;740;1,64;0,84;0,08;6,04;1,86;;;;2,84;0,35;3,51;0,37;1,2
10;Głogów;12.10.2016;20;1000;680;1,51;1,88;0,1;11,1;2,19;;;;3,27;0,38;4,07;0,87;1,2
11;Krajnik;13.10.2016;20;1000;650;1,44;0,46;0,05;6,72;1,95;;;;3,76;0,43;2,43;0,53;0,6
12;Poznań;14.10.2016;20;1000;760;1,69;0,88;0,2;7,62;2,12;;;;2,74;0,34;11,56;2,5;4,2
13;Wigry;14.10.2016;20;1000;680;1,51;4,03;0,09;2,34;1,43;;;;1,8;0,24;1,96;0,42;1,1
14;Wadąg;22.09.2016;20;1000;740;1,64;2,09;0,07;8,12;1,95;;;;1,98;0,26;0,78;0,17;0,4
15;Wielkie Partęczyny;23.09.2016;20;1000;730;1,62;3,13;0,42;2,11;1,38;;;;1,12;0,17;2,46;0,53;2,2
16;Drawsko;11.10.2016;20;1000;780;1,73;2,79;0,08;6,65;2,23;;;;0,74;0,13;2,84;0,61;3,8
17;Niesłysz;12.10.2016;20;1000;660;1,47;6,33;0,11;24,34;3,74;;;;2,23;0,28;3,86;0,83;1,7
18;Rogóźno;22.09.2016;20;1000;94;0,94;109;1,8;418,75;16,46;11,56;2,22;0,03;2,1;0,27;9,46;2,04;4,5
1;Kraków Tyniec;07.06.2017;20;1000;687;1,53;4,39;0,29;27,51;3,65;3,36;1,34;0,49;4,98;0,55;2,24;0,22;0,45
2;Annopol;07.06.2017;20;1000;642;1,43;1,82;0,17;21,56;2,67;<2;;;0,82;0,13;2,47;0,26;3,01
3;Warszawa;19.06.2017;20;1000;692;6,92;1,97;0,14;18,39;2,31;4,54;1,17;0,81;<0,4;;1,94;0,22;
4;Płock;21.04.2017;20;1000;765;1,7;1,08;0,06;13,33;2,07;<2;;;<0,4;;4,05;0,38;
5;Kiezmark;21.04.2017;20;1000;672;1,49;3,82;0,1;22,97;2,82;<2;;;3,38;0,39;4,05;0,4;1,2
6;Pułtusk;20.04.2017;20;1000;714;1,59;4,48;0,15;11,77;1,7;<2;;;2,56;0,31;4,81;0,55;1,88
7;Wyszków;20.04.2017;20;1000;585;1,3;4,91;0,17;34,42;3,22;<2;;;2,65;0,31;5,59;0,69;2,11
8;Chałupki;08.06.2017;20;1000;631;1,4;4,89;0,28;20,63;6,22;<2;;;3,93;0,44;2,81;0,26;0,72
9;Wrocław;08.06.2017;20;1000;771;1,71;0,56;0,07;5,51;1,65;<2;;;4,31;0,48;3,14;0,31;0,73
10;Głogów;08.06.2017;20;1000;785;1,74;2,64;0,16;10,86;2,33;<2;;;3,35;0,39;2,73;0,27;0,81
11;Krajnik;09.06.2017;20;1000;725;1,61;0,95;0,09;8,19;1,75;<2;;;1,97;0,26;2,45;0,19;1,24
12;Poznań;10.06.2017;20;1000;765;1,7;0,76;0,07;5,94;1,86;<2;;;3,02;0,35;2,59;0,23;0,86
13;Wigry;10.06.2017;20;1000;786;1,75;4,28;0,31;10,64;2,02;<2;;;0,93;0,15;2,4;0,24;2,58
14;Wadąg;20.04.2017;20;1000;747;1,66;1,9;0,06;4,19;0,95;<2;;;1,59;0,21;3,13;0,29;1,97
15;Wielkie Partęczyny;21.04.2017;20;1000;842;1,87;2,85;0,07;6,62;1,76;<2;;;1,57;0,21;2,38;0,24;1,52
16;Drawsko;07.06.2017;20;1000;764;1,7;3,26;0,2;7,01;1,93;<2;;;2,18;0,28;2,66;0,25;1,22
17;Niesłysz;09.06.2017;20;1000;721;1,6;5,6;0,49;32,89;4,63;<2;;;1,56;0,22;1,32;0,15;0,85
18;Rogóźno;20.04.2017;20;500;313;0,7;14,94;1,07;55,12;7,01;<2;;;3;0,35;6,21;0,62;2,07
1;Kraków Tyniec;23.10.2017;20;1000;731;1,62;2,79;0,15;20,26;2,42;3,69;1,06;0,18;3,97;0,4;1,38;0,17;0,35
2;Annopol;23.10.2017;20;1000;781;1,74;0,64;0,04;9,99;2,62;<2;;;3,06;0,35;3,24;0,36;1,06
3;Warszawa;18.10.2017;20;1000;553;5,53;6;0,22;61,06;4,01;<2;;;2,21;0,26;3,62;0,32;1,64
4;Płock;07.09.2017;20;1000;836;1,86;0,26;0,05;17,08;3,05;<2;;;3,4;0,39;1,84;0,3;0,54
5;Kiezmark;07.09.2017;20;1000;750;1,67;1,46;0,1;9,67;2,12;<2;;;4,11;0,46;2,82;0,3;0,68
6;Pułtusk;06.09.2017;20;1000;770;1,71;4,67;0,31;3,56;1,56;<2;;;1,25;0,18;2,62;0,29;2,09
7;Wyszków;06.09.2017;20;1000;790;1,76;0,39;0,03;3,02;1,24;<2;;;0,8;0,13;2,22;0,21;2,78
8;Chałupki;24.10.2017;20;1000;557;1,24;6,88;0,38;46,6;3,95;<2;;;3,45;0,39;3,29;0,31;0,95
9;Wrocław;24.10.2017;20;1000;811;1,8;0,73;0,04;10,44;2,84;<2;;;3,5;0,39;3,86;0,36;1,1
10;Głogów;24.10.2017;20;1000;816;1,81;0,49;0,05;7,68;2,22;<2;;;3,45;0,39;3,79;0,35;1,1
11;Krajnik;25.10.2017;20;1000;610;1,36;0,36;0,04;8,67;1,49;<2;;;3,08;0,35;3,81;0,36;1,24
12;Poznań;26.10.2017;20;1000;669;1,49;2,68;0,09;48,71;3,85;<2;;;1,9;0,23;3,94;0,34;2,07
13;Wigry;06.09.2017;20;1000;750;1,67;4,16;0,16;28,63;3,86;6,56;1,88;0,23;2;0,26;2,88;0,28;1,44
14;Wadąg;06.09.2017;20;1000;710;1,58;3,01;0,18;14,17;3,07;<2;;;3,01;0,36;1,88;0,3;0,63
15;Wielkie Partęczyny;07.09.2017;20;1000;760;1,69;1,37;0,1;9,12;2,21;<2;;;2,04;0,26;1,92;0,2;0,94
16;Drawsko;26.10.2017;20;1000;750;1,67;2,6;0,11;6,11;2,09;<2;;;1,89;0,23;2,46;0,25;1,3
17;Niesłysz;25.10.2017;20;1000;683;1,52;6,31;0,37;6,72;1,86;<2;;;2,35;0,28;1,47;0,16;0,63
18;Rogóźno;23.10.2017;20;1000;767;1,7;10,76;0,47;35,82;3,71;<2;;;1,65;0,21;8,46;0,85;5,13
1;Kraków Tyniec;21.05.2018;20;1000;688;1,53;1,86;0,17;12,86;2,51;;;;5;0,54;2,74;0,31;0,55
2;Annopol;21.05.2018;20;1000;610;1,36;1,54;0,09;26,82;2,83;;;;0,22;0,05;2,16;0,23;9,82
3;Warszawa;19.06.2018;20;1000;450;1;5,53;0,23;79,6;4,15;;;;4,2;0,46;1,55;0,22;0,37
4;Płock;12.04.2018;20;1000;783,9;1,74;0,35;0,01;3,8;1,52;;;;3,85;0,5;3,7;0,34;0,96
5;Kiezmark;12.04.2018;20;1000;747,4;1,66;1,2;0,05;10,67;2,48;;;;4,05;0,45;2,77;0,28;0,68
6;Pułtusk;11.04.2018;20;1000;666,2;1,48;6,11;0,11;13,45;3,62;;;;1,02;0,19;4,37;0,38;4,28
7;Wyszków;11.04.2018;20;1000;619,1;1,38;9,12;0,02;42,04;4,32;3,96;1,34;0,09;2,22;0,33;4,68;0,44;2,11
8;Chałupki;22.05.2018;20;1000;588;1,31;4,64;0,07;24,98;2,59;;;;5,01;0,54;2,9;0,29;0,58
9;Wrocław;22.05.2018;20;1000;730;1,62;0,41;0,03;8,08;2,38;;;;3,77;0,46;2,51;0,29;0,67
10;Głogów;22.05.2018;20;200;415;0,92;0,16;0,02;5,44;2,09;;;;6,11;0,65;2,91;0,32;0,48
11;Krajnik;23.05.2018;20;1000;733;1,63;0,77;0,04;10,63;2,13;;;;3,52;0,43;2,33;0,24;0,66
12;Poznań;24.05.2018;20;1000;690;1,53;0,92;0,06;12,29;2,49;;;;3,24;0,41;3,53;0,39;1,09
13;Wigry;11.05.2018;20;1000;727,9;1,62;0,48;0,04;5,46;2,1;;;;2,18;0,26;2,08;0,24;0,95
14;Wadąg;11.04.2018;20;1000;738,4;1,64;2,61;0,08;8,33;1,69;;;;1,48;0,19;2,66;0,25;1,8
15;Wielkie Partęczyny;12.04.2018;20;1000;743,2;1,65;0,61;0,04;8,22;2,27;;;;1,92;0,27;2,74;0,25;1,43
16;Drawsko;24.05.2018;20;1000;680;1,51;1,99;0,03;8,37;2,27;;;;0,63;0,12;2,9;0,27;4,6
17;Niesłysz;23.05.2018;20;1000;662,3;1,47;7;0,12;12,92;2,34;;;;1,79;0,23;1,42;0,16;0,79
18;Rogóźno;21.05.2018;20;100;632,5;1,41;15,7;0,37;83,31;7,01;2,41;1,22;0,03;2,68;0,31;6,73;0,53;2,51
1;Kraków Tyniec;09.10.2018;20;1000;710;1,58;0,98;0,06;8,4;2,77;;;;4,65;0,52;1,48;0,32;0,32
2;Annopol;09.10.2018;20;1000;720;1,6;0,92;0,04;12,27;3,11;;;;2,59;0,32;3,34;0,65;1,29
3;Warszawa;18.10.2018;20;1000;678;1,51;1,6;0,2;16,88;3,84;;;;6,23;0,67;1,6;0,33;0,26
4;Płock;27.09.2018;20;1000;551;1,22;4,24;0,1;28,25;2,8;;;;1,82;0,3;1,53;0,31;0,84
5;Kiezmark;27.09.2018;20;1000;816;1,81;1,13;0,06;9,99;2,36;;;;4,33;0,48;4,21;0,86;0,97
6;Pułtusk;26.09.2018;20;1000;740;1,64;5,28;0,11;7,99;2,76;;;;2,32;0,29;2,73;0,53;1,18
7;Wyszków;26.09.2018;20;1000;462;1,03;2,85;0,11;22;3,27;;;;2,5;0,31;1,14;0,25;0,46
8;Chałupki;10.10.2018;20;1000;550;1,22;9,28;0,25;42,17;3,74;;;;5,28;0,58;4,08;0,84;0,77
9;Wrocław;10.10.2018;20;1000;730;1,62;0,54;0,03;3,7;1,29;;;;3,43;0,4;3,7;0,72;1,08
10;Głogów;10.10.2018;20;1000;703;1,56;1,01;0,06;6,56;1,43;;;;4,08;0,46;1,99;0,4;0,49
11;Krajnik;11.10.2018;20;1000;615;1,37;0,59;0,04;4,06;1,29;;;;3,11;0,37;1,8;0,36;0,58
12;Poznań;12.10.2018;20;1000;687;1,53;0,72;0,07;2,51;1,29;;;;2,28;0,29;3,07;0,63;1,35
13;Wigry;26.09.2018;20;1000;720;1,6;3,82;0,08;4,75;1,83;;;;3,27;0,39;1,37;0,28;0,42
14;Wadąg;26.09.2018;20;1000;690;1,53;2,95;0,09;8,71;1,9;;;;1,39;0,2;2,57;0,5;1,85
15;Wielkie Partęczyny;27.09.2018;20;1000;770;1,71;1,15;0,05;8,29;3,01;;;;1,91;0,25;1,72;0,35;0,9
16;Drawsko;12.10.2018;20;1000;660;1,47;2,56;0,12;9,41;1,85;;;;2,23;0,28;1,41;0,3;0,63
17;Niesłysz;11.10.2018;20;1000;678;1,51;6,16;0,39;12,36;1,77;;;;2,28;0,29;4,36;0,85;1,91
18;Rogóźno;26.09.2018;20;1000;541,3;1,2;15,8;1,1;84,53;5,54;3,04;1,05;0,04;5,76;0,63;12,08;2,48;2,1
1;Kraków Tyniec;23.09.2019;20;1000;738;1,64;0,87;0,06;5,86;1,47;;;;4,16;0,47;2,96;0,35;0,71
2;Annopol;23.09.2019;20;1000;680;1,51;1,27;0,08;21,07;2,13;;;;3,41;0,4;2,07;0,22;0,61
3;Warszawa;28.10.2019;20;1000;762;1,69;0,25;0,04;4,29;1,61;;;;1,8;0,23;2,67;0,26;1,48
4;Płock;21.10.2019;20;1000;778;1,73;0,25;0,03;;;;;;3,75;0,43;2,3;0,25;0,61
5;Kiezmark;23.10.2019;20;1000;755;1,68;0,63;0,04;3,01;1,29;;;;3,48;0,4;1,94;0,22;0,43
6;Pułtusk;22.10.2019;20;1000;723;1,61;4,34;0,2;4,98;1,83;;;;2,39;0,29;1,74;0,21;0,73
7;Wyszków;22.10.2019;20;1000;830;1,84;0,87;0,05;10,96;2,12;;;;2,22;0,28;1,44;0,17;0,65
8;Chałupki;24.09.2019;20;1000;416;0,92;19,61;0,82;98,79;4,8;1,52;0,61;0,02;8,38;0,88;3,16;0,32;0,38
9;Wrocław;24.09.2019;20;1000;809;1,8;0,52;0,04;3,34;1,55;;;;3,39;0,43;2,94;0,3;0,87
10;Głogów;24.09.2019;20;1000;735,5;1,63;1,4;0,07;7,86;1,54;;;;3;0,35;3,57;0,4;1,19
11;Krajnik;25.09.2019;20;1000;602;1,34;0,57;0,04;7,36;1,21;;;;3,8;0,48;2,3;0,23;0,61
12;Poznań;26.09.2019;20;1000;718;1,6;0,75;0,08;5,77;1,65;;;;3,76;0,42;1,96;0,24;0,52
13;Wigry;22.10.2019;20;1000;750;1,67;0,32;0,03;1,85;0,99;;;;2,08;0,27;1,39;0,16;0,67
14;Wadąg;22.10.2019;20;1000;729;1,62;1,86;0,09;5,72;1,79;;;;1,28;0,18;1,95;0,21;1,52
15;Wielkie Partęczyny;23.10.2019;20;1000;716;1,59;5,93;0,26;2,48;1,31;;;;3,1;0,37;2,02;0,22;0,65
16;Drawsko;26.09.2019;20;1000;680;1,51;1,68;0,08;4,26;1,61;;;;1,75;0,27;2,48;0,24;1,42
17;Niesłysz;25.09.2019;20;1000;717;1,59;5,14;0,97;7,9;1,97;;;;1,73;0,23;1,24;0,16;0,72
18;Rogóźno;23.09.2019;20;1000;73;0,73;41,22;2,45;395,8;18;6,78;2,04;0,02;4,18;0,47;7,38;0,84;1,76
1;Kraków Tyniec;05.06.2020;20;1000;594;1,32;1,96;0,11;15,81;2,59;;;;3,75;0,18;2,55;0,29;0,68
2;Annopol;05.06.2020;20;1000;730;1,62;0,45;0,05;10,5;2,25;;;;4,49;0,22;2,46;0,26;0,55
3;Warszawa;26.05.2020;20;1000;516;1,15;6;0,29;62,37;4,09;2,54;0,83;0,04;3,96;0,2;3;0,32;1,48
4;Płock;29.05.2020;20;1000;765;1,7;0,33;0,03;5,12;2,25;;;;5,76;0,26;2,01;0,2;0,76
5;Kiezmark;29.05.2020;20;1000;630;1,4;1,88;0,1;13,13;3,03;;;;3,56;0,2;1,84;0,21;0,52
6;Pułtusk;22.05.2020;20;1000;660;1,47;3,64;0,16;22,46;3,29;3,31;1,32;0,15;2,72;0,16;1,74;0,18;0,73
7;Wyszków;22.05.2020;20;1000;740;1,64;0,56;0,05;4,1;1,8;;;;1,82;0,14;2,51;0,26;0,64
8;Chałupki;17.06.2020;20;1000;403;0,9;10,04;0,48;72,2;4,9;2,45;0,87;0,03;3,63;0,22;2,82;0,31;0,78
9;Wrocław;17.06.2020;20;1000;750;1,67;0,4;0,04;3,98;1,76;;;;5;0,28;2,68;0,31;0,54
10;Głogów;17.06.2020;20;1000;143;1,43;1,64;0,21;20,88;2,59;;;;5,26;0,26;2,47;0,28;0,47
11;Krajnik;18.06.2020;20;1000;646;1,44;0,58;0,05;4,09;1,05;;;;3,37;0,2;1,46;0,17;0,43
12;Poznań;19.06.2020;20;1000;726;1,61;0,57;0,07;7,74;2,17;;;;2,25;0,18;1,68;0,21;0,77
13;Wigry;22.05.2020;20;1000;690;1,53;0,72;0,05;4,61;1,89;;;;4,57;0,22;1,25;0,15;0,23
14;Wadąg;22.05.2020;20;1000;702;1,56;1,84;0,15;4,95;1,51;;;;4,61;0,11;3,14;0,31;0,68
15;Wielkie Partęczyny;29.05.2020;20;1000;730;1,62;1,08;0,07;3,48;1,64;;;;3,21;0,18;1,9;0,19;0,59
16;Drawsko;19.06.2020;20;1000;725;1,61;1,38;0,09;3,88;1,53;;;;1,77;0,18;2,48;0,28;1,4
17;Niesłysz;18.06.2020;20;1000;690;1,53;4,9;0,2;15,38;2,88;;;;1,77;0,14;1,5;0,17;0,85
18;Rogóźno;05.06.2020;20;1000;91;0,91;49,67;1,7;748,3;28,1;13,4;3;0,02;4,98;0,22;7,84;0,62;1,57
1;Kraków Tyniec;28.09.2020;20;1000;758,1;1,68;0,44;0,04;3;1,29;;;;5,61;0,52;2,77;0,32;0,49
2;Annopol;29.09.2020;20;1000;770,1;1,71;0,3;0,04;9,38;2,36;;;;3,08;0,37;2,38;0,25;0,77
3;Warszawa;30.09.2020;20;1000;465;1,03;3,69;0,21;49,17;3,63;2,57;0,55;0,05;3,43;0,38;2,53;0,25;0,74
4;Płock;01.10.2020;20;1000;855,3;1,9;0,25;0,03;4,73;1,74;;;;3,81;0,41;2,8;0,3;0,73
5;Kiezmark;02.10.2020;20;1000;759,7;1,69;1,26;0,07;5,11;1,45;;;;3,05;0,37;2,18;0,24;0,71
6;Pułtusk;03.10.2020;20;1000;767,7;1,71;3,49;0,18;8,77;2,65;;;;3,38;0,38;1,71;0,21;0,51
7;Wyszków;04.10.2020;20;1000;782,8;1,74;0,44;0,04;7,58;2,65;;;;3,3;0,38;2,32;0,25;0,7
8;Chałupki;05.10.2020;20;1000;371,2;0,82;20,69;2,45;87,65;5,27;2,3;0,49;0,03;5,04;0,48;2,56;0,26;0,51
9;Wrocław;06.10.2020;20;1000;715,7;1,59;0,53;0,05;4,36;1,75;;;;3,86;0,42;3,01;0,31;0,78
10;Głogów;07.10.2020;20;1000;731,8;1,63;0,55;0,07;3,9;1,37;;;;6,01;0,53;3,37;0,39;0,56
11;Krajnik;08.10.2020;20;1000;618,6;1,37;0,33;0,05;5,39;1,5;;;;3,81;0,41;2,5;0,27;0,66
12;Poznań;09.10.2020;20;1000;740,9;1,65;0,55;0,05;4,55;1,99;;;;3,86;0,4;2,61;0,31;0,68
13;Wigry;06.10.2020;20;1000;770,2;1,71;4,18;0,2;4,89;1,47;;;;3,47;0,39;1,25;0,15;0,36
14;Wadąg;06.10.2020;20;1000;761,8;1,69;1,75;0,11;7,73;2;;;;2,33;0,32;1,87;0,21;0,85
15;Wielkie Partęczyny;07.10.2020;20;1000;800;1,78;0,74;0,05;7,46;2;;;;2,18;0,3;1,41;0,17;0,65
16;Drawsko;01.10.2020;20;1000;751,3;1,67;1,31;0,13;3,36;1,3;;;;1,27;0,21;2,12;0,24;1,67
17;Niesłysz;30.09.2020;20;1000;719,2;1,6;5,25;0,23;13,39;2,42;;;;2,84;0,35;1,72;0,2;0,61
18;Rogóźno;28.09.2020;20;1000;55,3;0,55;64,86;2,29;530,2;24;10,22;2,98;0,02;3,01;0,36;6,59;0,59;2,19
